<?xml version="1.0" encoding="utf-8"?>
<extension type="plugin" version="3.0" method="upgrade" group="content">
  <name>PLG_KANDANDA_USERUPDATE_NAME</name>
  <creationDate>14-Oct-2015</creationDate>
  <author>Heinl Christian</author>
  <authorEmail>heinchrs@gmail.com</authorEmail>
  <authorUrl/>
  <copyright>Heinl Christian, 2015</copyright>
  <license>http://www.gnu.org/licenses/gpl-2.0.html GNU/GPL</license>
  <version>1.5</version>
  <description>PLG_KANDANDA_USERUPDATE_DESCRIPTION</description>
  <updateservers>
    <server name="Kandanda User Update" type="extension" priority="1">http://heinl-neusorg.de/joomla/plugins/kandandauserupdate/kandandauserupdate-update.xml</server>
  </updateservers>
  <files folder="site">
    <folder>language</folder>
    <filename>index.html</filename>
    <filename plugin="kandandauserupdate">kandandauserupdate.php</filename>
    <filename>kandandauserupdate_CHANGELOG.php</filename>
  </files>
  <params/>
  <config>
    <fields name="params">
      
    <fieldset name="basic">
        
        
        
        
        
      <field name="notification_email" type="email" size="50" default="" label="PLG_KANDANDA_USERUPDATE_NOTIFICATION_EMAIL_LABEL" description="PLG_KANDANDA_USERUPDATE_NOTIFICATION_EMAIL_DESC"/><field name="send_notification" type="list" default="" label="PLG_KANDANDA_USERUPDATE_SEND_NOTIFICATION_LABEL" description="PLG_KANDANDA_USERUPDATE_SEND_NOTIFICATION_DESC">
          
          
          
          
        <option value="0">JNO</option><option value="1">PLG_KANDANDA_USERUPDATE_SEND_NOTIFICATION_BACKEND_FRONTEND</option><option value="2">PLG_KANDANDA_USERUPDATE_SEND_NOTIFICATION_FRONTEND</option><option value="3">PLG_KANDANDA_USERUPDATE_SEND_NOTIFICATION_BACKEND</option></field><field type="spacer" name="myspacer" label="&lt;/br&gt;"/><field name="update_joomla_user_email" type="radio" default="1" label="PLG_KANDANDA_USERUPDATE_UPDATE_LABEL" description="PLG_KANDANDA_USERUPDATE_UPDATE_DESC">
          
          
        <option value="1">JYES</option><option value="0">JNO</option></field><field name="email_field" type="sql" default="" label="PLG_KANDANDA_USERUPDATE_EMAIL_LABEL" description="PLG_KANDANDA_USERUPDATE_EMAIL_DESC" required="true" query="SELECT title, alias FROM #__kandanda_fields" key_field="alias" value_field="title"/></fieldset></fields>
  </config>
</extension>
